dataset,run,eval_loss,eval_precision,eval_recall,eval_f1,eval_accuracy,eval_runtime,eval_samples_per_second,eval_steps_per_second,epoch,trainsize
test,1,1.1860135793685913,0.5384615384615384,0.11539037913981717,0.19005306676539552,0.6099211997084042,19.7544,87.019,5.467,3,0.8
test,1,0.8900639414787292,0.71156330749354,0.6602727408961486,0.6849591916051301,0.8580900475578852,19.7549,87.017,5.467,3,1.5
test,1,0.5104950070381165,0.8719942404607631,0.9075378390528998,0.8894110735790864,0.9350852223417919,19.7154,87.191,5.478,3,3.1
test,1,0.33844852447509766,0.893528483283111,0.933163494680054,0.9129159947221815,0.9425139722983997,19.7273,87.138,5.475,3,6.2
test,1,0.25401994585990906,0.915227173755262,0.9448523902292821,0.9298038637369119,0.9515742701426737,19.8863,86.441,5.431,3,12.5
test,1,0.19046036899089813,0.9339663988312636,0.9580398621309756,0.9458499778073679,0.9557052105391051,19.7256,87.146,5.475,3,25
test,1,0.1716138869524002,0.9373444590835895,0.9595384384834408,0.9483116113744077,0.9563300586662964,19.8266,86.702,5.447,3,50
test,1,0.15416571497917175,0.9580471782621678,0.961636445376892,0.9598384563607807,0.961155274759607,20.0555,85.712,5.385,3,100
