{
  "token_acc":null,
  "token_p":null,
  "token_r":null,
  "token_f":null,
  "ents_p":0.8716672592,
  "ents_r":0.8757142857,
  "ents_f":0.8736860859,
  "ents_per_type":{
    "PER":{
      "p":0.8923076923,
      "r":0.8910614525,
      "f":0.891684137
    },
    "LOC":{
      "p":0.8899755501,
      "r":0.9043478261,
      "f":0.8971041282
    },
    "CARDINAL":{
      "p":0.9306518724,
      "r":0.933240612,
      "f":0.9319444444
    },
    "ACT":{
      "p":0.7743190661,
      "r":0.7803921569,
      "f":0.77734375
    },
    "TITRE":{
      "p":0.3777777778,
      "r":0.3777777778,
      "f":0.3777777778
    },
    "FT":{
      "p":0.0,
      "r":0.0,
      "f":0.0
    }
  },
  "speed":9510.2526645305
}