{
  "token_acc":null,
  "token_p":null,
  "token_r":null,
  "token_f":null,
  "ents_p":0.8920736023,
  "ents_r":0.9003571429,
  "ents_f":0.8961962318,
  "ents_per_type":{
    "PER":{
      "p":0.9034965035,
      "r":0.9022346369,
      "f":0.9028651293
    },
    "LOC":{
      "p":0.9073170732,
      "r":0.9242236025,
      "f":0.9156923077
    },
    "CARDINAL":{
      "p":0.9434482759,
      "r":0.9513212796,
      "f":0.9473684211
    },
    "ACT":{
      "p":0.7932960894,
      "r":0.8352941176,
      "f":0.8137535817
    },
    "TITRE":{
      "p":0.724137931,
      "r":0.4666666667,
      "f":0.5675675676
    },
    "FT":{
      "p":0.0,
      "r":0.0,
      "f":0.0
    }
  },
  "speed":9418.6958706462
}