{
  "token_acc":null,
  "token_p":null,
  "token_r":null,
  "token_f":null,
  "ents_p":0.9199147381,
  "ents_r":0.9126888218,
  "ents_f":0.9162875341,
  "ents_per_type":{
    "PER":{
      "p":0.9633353046,
      "r":0.9639053254,
      "f":0.9636202307
    },
    "LOC":{
      "p":0.8835920177,
      "r":0.8939988783,
      "f":0.8887649847
    },
    "CARDINAL":{
      "p":0.9586330935,
      "r":0.9615153337,
      "f":0.9600720504
    },
    "ACT":{
      "p":0.8777194299,
      "r":0.8484408992,
      "f":0.8628318584
    },
    "TITRE":{
      "p":0.7205882353,
      "r":0.5051546392,
      "f":0.5939393939
    },
    "FT":{
      "p":0.25,
      "r":0.125,
      "f":0.1666666667
    }
  },
  "speed":12524.3136462335
}