{
  "token_acc":null,
  "token_p":null,
  "token_r":null,
  "token_f":null,
  "ents_p":0.859375,
  "ents_r":0.8839285714,
  "ents_f":0.8714788732,
  "ents_per_type":{
    "PER":{
      "p":0.8938547486,
      "r":0.8938547486,
      "f":0.8938547486
    },
    "LOC":{
      "p":0.890776699,
      "r":0.9118012422,
      "f":0.9011663597
    },
    "CARDINAL":{
      "p":0.9031830239,
      "r":0.9471488178,
      "f":0.9246435845
    },
    "ACT":{
      "p":0.7272727273,
      "r":0.8,
      "f":0.7619047619
    },
    "TITRE":{
      "p":0.48,
      "r":0.2666666667,
      "f":0.3428571429
    },
    "FT":{
      "p":0.0,
      "r":0.0,
      "f":0.0
    }
  },
  "speed":9593.8005687824
}