{
  "token_acc":null,
  "token_p":null,
  "token_r":null,
  "token_f":null,
  "ents_p":0.9403872542,
  "ents_r":0.9317220544,
  "ents_f":0.9360346005,
  "ents_per_type":{
    "PER":{
      "p":0.9716814159,
      "r":0.974556213,
      "f":0.9731166913
    },
    "LOC":{
      "p":0.9209944751,
      "r":0.9349411105,
      "f":0.927915391
    },
    "CARDINAL":{
      "p":0.9484848485,
      "r":0.9410703548,
      "f":0.9447630546
    },
    "ACT":{
      "p":0.9235382309,
      "r":0.8934010152,
      "f":0.908219683
    },
    "TITRE":{
      "p":0.8358208955,
      "r":0.5773195876,
      "f":0.6829268293
    },
    "FT":{
      "p":0.3333333333,
      "r":0.125,
      "f":0.1818181818
    }
  },
  "speed":12836.1551125954
}