{
  "token_acc":null,
  "token_p":null,
  "token_r":null,
  "token_f":null,
  "ents_p":0.9301487156,
  "ents_r":0.935347432,
  "ents_f":0.93274083,
  "ents_per_type":{
    "PER":{
      "p":0.9722550177,
      "r":0.974556213,
      "f":0.9734042553
    },
    "LOC":{
      "p":0.9308988764,
      "r":0.9293325855,
      "f":0.9301150716
    },
    "CARDINAL":{
      "p":0.9531531532,
      "r":0.9542994588,
      "f":0.9537259615
    },
    "ACT":{
      "p":0.9032258065,
      "r":0.8934010152,
      "f":0.8982865476
    },
    "TITRE":{
      "p":0.4466666667,
      "r":0.6907216495,
      "f":0.5425101215
    },
    "FT":{
      "p":0.5,
      "r":0.25,
      "f":0.3333333333
    }
  },
  "speed":12591.1822107218
}