{
  "token_acc":null,
  "token_p":null,
  "token_r":null,
  "token_f":null,
  "ents_p":0.8801850194,
  "ents_r":0.8910876133,
  "ents_f":0.8856027623,
  "ents_per_type":{
    "PER":{
      "p":0.9372434018,
      "r":0.9455621302,
      "f":0.9413843888
    },
    "LOC":{
      "p":0.8615384615,
      "r":0.8794167134,
      "f":0.8703857896
    },
    "CARDINAL":{
      "p":0.9526378897,
      "r":0.9555021046,
      "f":0.9540678475
    },
    "ACT":{
      "p":0.7910447761,
      "r":0.807106599,
      "f":0.7989949749
    },
    "TITRE":{
      "p":0.3039215686,
      "r":0.3195876289,
      "f":0.3115577889
    },
    "FT":{
      "p":0.0,
      "r":0.0,
      "f":0.0
    }
  },
  "speed":10706.3469010278
}