{
  "token_acc":null,
  "token_p":null,
  "token_r":null,
  "token_f":null,
  "ents_p":0.9297501893,
  "ents_r":0.9276435045,
  "ents_f":0.9286956522,
  "ents_per_type":{
    "PER":{
      "p":0.9681603774,
      "r":0.9715976331,
      "f":0.9698759598
    },
    "LOC":{
      "p":0.9027853632,
      "r":0.9270891755,
      "f":0.9147758716
    },
    "CARDINAL":{
      "p":0.9498186215,
      "r":0.9446782922,
      "f":0.9472414833
    },
    "ACT":{
      "p":0.8988183161,
      "r":0.8825235678,
      "f":0.8905964142
    },
    "TITRE":{
      "p":0.8507462687,
      "r":0.587628866,
      "f":0.6951219512
    },
    "FT":{
      "p":0.3333333333,
      "r":0.125,
      "f":0.1818181818
    }
  },
  "speed":12829.2798416533
}