{
  "token_acc":null,
  "token_p":null,
  "token_r":null,
  "token_f":null,
  "ents_p":0.8892184488,
  "ents_r":0.9057401813,
  "ents_f":0.8974032777,
  "ents_per_type":{
    "PER":{
      "p":0.9554896142,
      "r":0.9526627219,
      "f":0.9540740741
    },
    "LOC":{
      "p":0.8821250692,
      "r":0.8939988783,
      "f":0.8880222841
    },
    "CARDINAL":{
      "p":0.9550629119,
      "r":0.9585087192,
      "f":0.9567827131
    },
    "ACT":{
      "p":0.7668428005,
      "r":0.8419144307,
      "f":0.8026270308
    },
    "TITRE":{
      "p":0.5441176471,
      "r":0.381443299,
      "f":0.4484848485
    },
    "FT":{
      "p":0.0,
      "r":0.0,
      "f":0.0
    }
  },
  "speed":9734.4181153527
}