{
  "token_acc":null,
  "token_p":null,
  "token_r":null,
  "token_f":null,
  "ents_p":0.9475386274,
  "ents_r":0.9417857143,
  "ents_f":0.9446534121,
  "ents_per_type":{
    "PER":{
      "p":0.9578059072,
      "r":0.9511173184,
      "f":0.9544498949
    },
    "LOC":{
      "p":0.9568527919,
      "r":0.9366459627,
      "f":0.9466415568
    },
    "CARDINAL":{
      "p":0.959553696,
      "r":0.9568845619,
      "f":0.9582172702
    },
    "ACT":{
      "p":0.9278752437,
      "r":0.9333333333,
      "f":0.9305962854
    },
    "TITRE":{
      "p":0.7169811321,
      "r":0.8444444444,
      "f":0.7755102041
    },
    "FT":{
      "p":0.0,
      "r":0.0,
      "f":0.0
    }
  },
  "speed":10341.4986748129
}