{
  "token_acc":null,
  "token_p":null,
  "token_r":null,
  "token_f":null,
  "ents_p":0.9569738257,
  "ents_r":0.9532142857,
  "ents_f":0.9550903561,
  "ents_per_type":{
    "PER":{
      "p":0.9635343619,
      "r":0.9594972067,
      "f":0.9615115465
    },
    "LOC":{
      "p":0.9640644362,
      "r":0.9664596273,
      "f":0.9652605459
    },
    "CARDINAL":{
      "p":0.949930459,
      "r":0.949930459,
      "f":0.949930459
    },
    "ACT":{
      "p":0.9507874016,
      "r":0.9470588235,
      "f":0.9489194499
    },
    "TITRE":{
      "p":0.9047619048,
      "r":0.8444444444,
      "f":0.8735632184
    },
    "FT":{
      "p":0.0,
      "r":0.0,
      "f":0.0
    }
  },
  "speed":11549.0572811736
}