{"eval_loss": 0.33844852447509766, "eval_precision": 0.893528483283111, "eval_recall": 0.933163494680054, "eval_f1": 0.9129159947221815, "eval_accuracy": 0.9425139722983997, "eval_runtime": 19.7273, "eval_samples_per_second": 87.138, "eval_steps_per_second": 5.475, "epoch": 3.0}