{"eval_loss": 0.06205139309167862, "eval_precision": 0.9665361338554646, "eval_recall": 0.9703359542530379, "eval_f1": 0.9684323167469234, "eval_accuracy": 0.9867389134464566, "eval_runtime": 4.0502, "eval_samples_per_second": 175.052, "eval_steps_per_second": 11.11, "epoch": 6.0}