{"eval_loss": 0.08788549154996872, "eval_precision": 0.9589671029359745, "eval_recall": 0.9689063616869192, "eval_f1": 0.963911111111111, "eval_accuracy": 0.9838870668758021, "eval_runtime": 3.9897, "eval_samples_per_second": 177.709, "eval_steps_per_second": 11.279, "epoch": 13.0}