{"eval_loss": 0.12208899855613708, "eval_precision": 0.9509700706873214, "eval_recall": 0.9551359516616315, "eval_f1": 0.9530484588137765, "eval_accuracy": 0.9689568660641417, "eval_runtime": 14.1812, "eval_samples_per_second": 119.172, "eval_steps_per_second": 7.475, "epoch": 2.26}