{"eval_loss": 0.21798789501190186, "eval_precision": 0.892869445401309, "eval_recall": 0.9263759828448892, "eval_f1": 0.9093141554113314, "eval_accuracy": 0.9702694995009269, "eval_runtime": 3.9993, "eval_samples_per_second": 177.28, "eval_steps_per_second": 11.252, "epoch": 214.29}