{"eval_loss": 0.1687752604484558, "eval_precision": 0.916996627071418, "eval_recall": 0.9445619335347432, "eval_f1": 0.9305751916065184, "eval_accuracy": 0.9666596136988785, "eval_runtime": 13.6581, "eval_samples_per_second": 123.736, "eval_steps_per_second": 7.761, "epoch": 61.54}