{"eval_loss": 0.11833597719669342, "eval_precision": 0.9346910112359551, "eval_recall": 0.9513938527519656, "eval_f1": 0.9429684732554021, "eval_accuracy": 0.9784685583915586, "eval_runtime": 4.1254, "eval_samples_per_second": 171.862, "eval_steps_per_second": 10.908, "epoch": 32.0}