{"eval_loss": 0.1760072410106659, "eval_precision": 0.9074009119607155, "eval_recall": 0.9245889921372409, "eval_f1": 0.915914321118782, "eval_accuracy": 0.9675602452588051, "eval_runtime": 4.037, "eval_samples_per_second": 175.626, "eval_steps_per_second": 11.147, "epoch": 71.43}