{"eval_loss": 0.06578678637742996, "eval_precision": 0.9668685429283933, "eval_recall": 0.9699785561115082, "eval_f1": 0.968421052631579, "eval_accuracy": 0.9859546556395266, "eval_runtime": 4.1378, "eval_samples_per_second": 171.348, "eval_steps_per_second": 10.875, "epoch": 2.01}