{"eval_loss": 1.2820706367492676, "eval_precision": 0.5750865051903115, "eval_recall": 0.12453169488985463, "eval_f1": 0.20473022912047303, "eval_accuracy": 0.620057624882841, "eval_runtime": 24.1608, "eval_samples_per_second": 71.148, "eval_steps_per_second": 4.47, "epoch": 3.0}