{"eval_loss": 0.06108532473444939, "eval_precision": 0.9673295454545454, "eval_recall": 0.9735525375268048, "eval_f1": 0.9704310651941574, "eval_accuracy": 0.9873092827605875, "eval_runtime": 3.7966, "eval_samples_per_second": 186.746, "eval_steps_per_second": 11.853, "epoch": 8.0}