{"eval_loss": 0.18003323674201965, "eval_precision": 0.9375280227170827, "eval_recall": 0.947583081570997, "eval_f1": 0.942528735632184, "eval_accuracy": 0.9663573436508176, "eval_runtime": 9.3471, "eval_samples_per_second": 180.804, "eval_steps_per_second": 11.34, "epoch": 48.0}