{"eval_loss": 0.17756406962871552, "eval_precision": 0.8936831204694512, "eval_recall": 0.9253037884203003, "eval_f1": 0.9092186128182617, "eval_accuracy": 0.9688435762155996, "eval_runtime": 3.7603, "eval_samples_per_second": 188.549, "eval_steps_per_second": 11.967, "epoch": 85.71}