{"eval_loss": 0.19701437652111053, "eval_precision": 0.8882770612954645, "eval_recall": 0.9259818731117825, "eval_f1": 0.906737667332298, "eval_accuracy": 0.9607653477616903, "eval_runtime": 13.288, "eval_samples_per_second": 127.182, "eval_steps_per_second": 7.977, "epoch": 85.71}