dataset,run,eval_precision,eval_recall,eval_f1,trainsize
test,1,0.8387840369,0.8724711524,0.8552960188,0.8
test,1,0.872960373,0.8979469504,0.8852773879,1.5
test,1,0.8990356517,0.9220740297,0.9104091144,3.1
test,1,0.9033446294,0.9187771617,0.9109955423,6.2
test,1,0.906099869,0.9327139218,0.9192142963,12.5
test,1,0.9147502563,0.9358609321,0.9251851852,25
test,1,0.9120255926,0.9399070883,0.9257564576,50
test,1,0.9133960898,0.9451521055,0.9290027986,100
