{
  "token_acc":null,
  "token_p":null,
  "token_r":null,
  "token_f":null,
  "ents_p":0.9303654685,
  "ents_r":0.9344410876,
  "ents_f":0.9323988243,
  "ents_per_type":{
    "PER":{
      "p":0.9710572947,
      "r":0.9727810651,
      "f":0.9719184156
    },
    "LOC":{
      "p":0.9329234209,
      "r":0.9360628155,
      "f":0.9344904815
    },
    "CARDINAL":{
      "p":0.9532093581,
      "r":0.9555021046,
      "f":0.9543543544
    },
    "ACT":{
      "p":0.8986686391,
      "r":0.8810732415,
      "f":0.8897839619
    },
    "TITRE":{
      "p":0.4680851064,
      "r":0.6804123711,
      "f":0.5546218487
    },
    "FT":{
      "p":0.4285714286,
      "r":0.375,
      "f":0.4
    }
  },
  "speed":17863.8950053749
}