{
  "token_acc":null,
  "token_p":null,
  "token_r":null,
  "token_f":null,
  "ents_p":0.9310085676,
  "ents_r":0.9356495468,
  "ents_f":0.9333232879,
  "ents_per_type":{
    "PER":{
      "p":0.9734199646,
      "r":0.975147929,
      "f":0.9742831806
    },
    "LOC":{
      "p":0.9235880399,
      "r":0.935501963,
      "f":0.9295068264
    },
    "CARDINAL":{
      "p":0.9543817527,
      "r":0.9561034275,
      "f":0.9552418144
    },
    "ACT":{
      "p":0.9149253731,
      "r":0.8890500363,
      "f":0.9018021331
    },
    "TITRE":{
      "p":0.4217687075,
      "r":0.6391752577,
      "f":0.5081967213
    },
    "FT":{
      "p":0.0,
      "r":0.0,
      "f":0.0
    }
  },
  "speed":17442.2751687893
}