{
  "token_acc":null,
  "token_p":null,
  "token_r":null,
  "token_f":null,
  "ents_p":0.8931729749,
  "ents_r":0.9017857143,
  "ents_f":0.8974586814,
  "ents_per_type":{
    "PER":{
      "p":0.9032258065,
      "r":0.8994413408,
      "f":0.9013296011
    },
    "LOC":{
      "p":0.9018181818,
      "r":0.9242236025,
      "f":0.9128834356
    },
    "CARDINAL":{
      "p":0.9569444444,
      "r":0.9582753825,
      "f":0.957609451
    },
    "ACT":{
      "p":0.8101503759,
      "r":0.8450980392,
      "f":0.8272552783
    },
    "TITRE":{
      "p":0.4594594595,
      "r":0.3777777778,
      "f":0.4146341463
    },
    "FT":{
      "p":0.0,
      "r":0.0,
      "f":0.0
    }
  },
  "speed":15916.1598096809
}