{
  "token_acc":null,
  "token_p":null,
  "token_r":null,
  "token_f":null,
  "ents_p":0.9383291502,
  "ents_r":0.9346428571,
  "ents_f":0.9364823761,
  "ents_per_type":{
    "PER":{
      "p":0.9507735584,
      "r":0.9441340782,
      "f":0.9474421864
    },
    "LOC":{
      "p":0.9326805386,
      "r":0.9465838509,
      "f":0.9395807645
    },
    "CARDINAL":{
      "p":0.958041958,
      "r":0.9527121001,
      "f":0.9553695955
    },
    "ACT":{
      "p":0.9078431373,
      "r":0.9078431373,
      "f":0.9078431373
    },
    "TITRE":{
      "p":0.8857142857,
      "r":0.6888888889,
      "f":0.775
    },
    "FT":{
      "p":0.0,
      "r":0.0,
      "f":0.0
    }
  },
  "speed":16983.8266786636
}