{
  "token_acc":null,
  "token_p":null,
  "token_r":null,
  "token_f":null,
  "ents_p":0.838909969,
  "ents_r":0.8685714286,
  "ents_f":0.8534830672,
  "ents_per_type":{
    "PER":{
      "p":0.8849929874,
      "r":0.8812849162,
      "f":0.8831350595
    },
    "LOC":{
      "p":0.8738095238,
      "r":0.9118012422,
      "f":0.8924012158
    },
    "CARDINAL":{
      "p":0.9341563786,
      "r":0.9471488178,
      "f":0.9406077348
    },
    "ACT":{
      "p":0.6636851521,
      "r":0.7274509804,
      "f":0.6941066417
    },
    "TITRE":{
      "p":0.2586206897,
      "r":0.3333333333,
      "f":0.2912621359
    },
    "FT":{
      "p":0.0,
      "r":0.0,
      "f":0.0
    }
  },
  "speed":17717.9054330907
}