{
  "token_acc":null,
  "token_p":null,
  "token_r":null,
  "token_f":null,
  "ents_p":0.9240371442,
  "ents_r":0.916918429,
  "ents_f":0.920464023,
  "ents_per_type":{
    "PER":{
      "p":0.9535294118,
      "r":0.9591715976,
      "f":0.9563421829
    },
    "LOC":{
      "p":0.8954067515,
      "r":0.9074593382,
      "f":0.9013927577
    },
    "CARDINAL":{
      "p":0.9560770156,
      "r":0.9555021046,
      "f":0.9557894737
    },
    "ACT":{
      "p":0.8880597015,
      "r":0.8629441624,
      "f":0.8753218095
    },
    "FT":{
      "p":0.3333333333,
      "r":0.125,
      "f":0.1818181818
    },
    "TITRE":{
      "p":0.8947368421,
      "r":0.5257731959,
      "f":0.6623376623
    }
  },
  "speed":15404.7932032131
}