{
  "token_acc":null,
  "token_p":null,
  "token_r":null,
  "token_f":null,
  "ents_p":0.9570661896,
  "ents_r":0.9553571429,
  "ents_f":0.9562109026,
  "ents_per_type":{
    "PER":{
      "p":0.9646892655,
      "r":0.9539106145,
      "f":0.9592696629
    },
    "LOC":{
      "p":0.9664179104,
      "r":0.9652173913,
      "f":0.9658172778
    },
    "CARDINAL":{
      "p":0.9596662031,
      "r":0.9596662031,
      "f":0.9596662031
    },
    "ACT":{
      "p":0.9399224806,
      "r":0.9509803922,
      "f":0.9454191033
    },
    "TITRE":{
      "p":0.8333333333,
      "r":0.8888888889,
      "f":0.8602150538
    },
    "FT":{
      "p":0.0,
      "r":0.0,
      "f":0.0
    }
  },
  "speed":16798.959309917
}