{
  "token_acc":null,
  "token_p":null,
  "token_r":null,
  "token_f":null,
  "ents_p":0.9596832253,
  "ents_r":0.9521428571,
  "ents_f":0.9558981714,
  "ents_per_type":{
    "PER":{
      "p":0.9689703808,
      "r":0.9594972067,
      "f":0.9642105263
    },
    "LOC":{
      "p":0.9698113208,
      "r":0.9577639752,
      "f":0.96375
    },
    "CARDINAL":{
      "p":0.9609483961,
      "r":0.9582753825,
      "f":0.9596100279
    },
    "ACT":{
      "p":0.9266409266,
      "r":0.9411764706,
      "f":0.9338521401
    },
    "TITRE":{
      "p":1.0,
      "r":0.8666666667,
      "f":0.9285714286
    },
    "FT":{
      "p":0.0,
      "r":0.0,
      "f":0.0
    }
  },
  "speed":11448.0200029189
}