{
  "token_acc":null,
  "token_p":null,
  "token_r":null,
  "token_f":null,
  "ents_p":0.9370353512,
  "ents_r":0.9329305136,
  "ents_f":0.9349784271,
  "ents_per_type":{
    "PER":{
      "p":0.9686204855,
      "r":0.9680473373,
      "f":0.9683338266
    },
    "LOC":{
      "p":0.9209508015,
      "r":0.934380258,
      "f":0.9276169265
    },
    "CARDINAL":{
      "p":0.9555822329,
      "r":0.9573060734,
      "f":0.9564433764
    },
    "ACT":{
      "p":0.9221466364,
      "r":0.8846990573,
      "f":0.903034789
    },
    "FT":{
      "p":0.4444444444,
      "r":0.5,
      "f":0.4705882353
    },
    "TITRE":{
      "p":0.6105263158,
      "r":0.5979381443,
      "f":0.6041666667
    }
  },
  "speed":10629.9349506805
}