{
  "token_acc":null,
  "token_p":null,
  "token_r":null,
  "token_f":null,
  "ents_p":0.9368533714,
  "ents_r":0.9378571429,
  "ents_f":0.9373549884,
  "ents_per_type":{
    "PER":{
      "p":0.9562146893,
      "r":0.9455307263,
      "f":0.9508426966
    },
    "LOC":{
      "p":0.9255189255,
      "r":0.9416149068,
      "f":0.9334975369
    },
    "CARDINAL":{
      "p":0.948824343,
      "r":0.9541029207,
      "f":0.9514563107
    },
    "ACT":{
      "p":0.9165048544,
      "r":0.9254901961,
      "f":0.9209756098
    },
    "TITRE":{
      "p":0.8918918919,
      "r":0.7333333333,
      "f":0.8048780488
    },
    "FT":{
      "p":0.0,
      "r":0.0,
      "f":0.0
    }
  },
  "speed":10650.1568193462
}