{
  "token_acc":null,
  "token_p":null,
  "token_r":null,
  "token_f":null,
  "ents_p":0.9412033511,
  "ents_r":0.9333836858,
  "ents_f":0.9372772089,
  "ents_per_type":{
    "PER":{
      "p":0.9739798936,
      "r":0.974556213,
      "f":0.9742679681
    },
    "LOC":{
      "p":0.9265033408,
      "r":0.933258553,
      "f":0.9298686784
    },
    "CARDINAL":{
      "p":0.9585834334,
      "r":0.9603126879,
      "f":0.9594472815
    },
    "ACT":{
      "p":0.9022222222,
      "r":0.883248731,
      "f":0.8926346647
    },
    "TITRE":{
      "p":0.8548387097,
      "r":0.5463917526,
      "f":0.6666666667
    },
    "FT":{
      "p":0.0,
      "r":0.0,
      "f":0.0
    }
  },
  "speed":12307.6888660099
}