{
  "token_acc":null,
  "token_p":null,
  "token_r":null,
  "token_f":null,
  "ents_p":0.9326406306,
  "ents_r":0.9296428571,
  "ents_f":0.9311393311,
  "ents_per_type":{
    "PER":{
      "p":0.9441340782,
      "r":0.9441340782,
      "f":0.9441340782
    },
    "LOC":{
      "p":0.9324324324,
      "r":0.9428571429,
      "f":0.9376158122
    },
    "CARDINAL":{
      "p":0.9513212796,
      "r":0.9513212796,
      "f":0.9513212796
    },
    "ACT":{
      "p":0.8974358974,
      "r":0.8921568627,
      "f":0.8947885939
    },
    "TITRE":{
      "p":0.8787878788,
      "r":0.6444444444,
      "f":0.7435897436
    },
    "FT":{
      "p":0.0,
      "r":0.0,
      "f":0.0
    }
  },
  "speed":10580.2045868311
}