{
  "token_acc":null,
  "token_p":null,
  "token_r":null,
  "token_f":null,
  "ents_p":0.9521754764,
  "ents_r":0.9457142857,
  "ents_f":0.9489338828,
  "ents_per_type":{
    "PER":{
      "p":0.9507735584,
      "r":0.9441340782,
      "f":0.9474421864
    },
    "LOC":{
      "p":0.9588014981,
      "r":0.9540372671,
      "f":0.9564134496
    },
    "CARDINAL":{
      "p":0.9555555556,
      "r":0.9568845619,
      "f":0.9562195969
    },
    "ACT":{
      "p":0.9486166008,
      "r":0.9411764706,
      "f":0.9448818898
    },
    "TITRE":{
      "p":0.8780487805,
      "r":0.8,
      "f":0.8372093023
    },
    "FT":{
      "p":0.0,
      "r":0.0,
      "f":0.0
    }
  },
  "speed":10115.1954892592
}