{
  "token_acc":null,
  "token_p":null,
  "token_r":null,
  "token_f":null,
  "ents_p":0.8613904679,
  "ents_r":0.8927492447,
  "ents_f":0.8767895557,
  "ents_per_type":{
    "PER":{
      "p":0.9407624633,
      "r":0.949112426,
      "f":0.9449189985
    },
    "LOC":{
      "p":0.8483206934,
      "r":0.8782950084,
      "f":0.8630476715
    },
    "CARDINAL":{
      "p":0.9391252955,
      "r":0.9555021046,
      "f":0.947242921
    },
    "ACT":{
      "p":0.72,
      "r":0.8223350254,
      "f":0.7677725118
    },
    "TITRE":{
      "p":0.3953488372,
      "r":0.175257732,
      "f":0.2428571429
    },
    "FT":{
      "p":0.0,
      "r":0.0,
      "f":0.0
    }
  },
  "speed":12725.6019153651
}