{
  "token_acc":null,
  "token_p":null,
  "token_r":null,
  "token_f":null,
  "ents_p":0.9276325729,
  "ents_r":0.9274924471,
  "ents_f":0.9275625047,
  "ents_per_type":{
    "PER":{
      "p":0.9646226415,
      "r":0.9680473373,
      "f":0.9663319551
    },
    "LOC":{
      "p":0.9101995565,
      "r":0.9209197981,
      "f":0.9155282966
    },
    "CARDINAL":{
      "p":0.9533213645,
      "r":0.9579073963,
      "f":0.9556088782
    },
    "ACT":{
      "p":0.8822674419,
      "r":0.8803480783,
      "f":0.8813067151
    },
    "TITRE":{
      "p":0.8059701493,
      "r":0.5567010309,
      "f":0.6585365854
    },
    "FT":{
      "p":0.2,
      "r":0.125,
      "f":0.1538461538
    }
  },
  "speed":12098.3116830333
}