{
  "token_acc":null,
  "token_p":null,
  "token_r":null,
  "token_f":null,
  "ents_p":0.875601575,
  "ents_r":0.9069486405,
  "ents_f":0.8909994806,
  "ents_per_type":{
    "PER":{
      "p":0.9359347699,
      "r":0.950887574,
      "f":0.9433519225
    },
    "LOC":{
      "p":0.874862183,
      "r":0.8900729108,
      "f":0.8824020017
    },
    "CARDINAL":{
      "p":0.9579831933,
      "r":0.959711365,
      "f":0.9588465005
    },
    "ACT":{
      "p":0.7415658816,
      "r":0.8448150834,
      "f":0.7898305085
    },
    "TITRE":{
      "p":0.5505617978,
      "r":0.5051546392,
      "f":0.5268817204
    },
    "FT":{
      "p":0.0,
      "r":0.0,
      "f":0.0
    }
  },
  "speed":11539.9253413877
}