{
  "token_acc":null,
  "token_p":null,
  "token_r":null,
  "token_f":null,
  "ents_p":0.915368272,
  "ents_r":0.9232142857,
  "ents_f":0.9192745377,
  "ents_per_type":{
    "PER":{
      "p":0.9199438202,
      "r":0.9148044693,
      "f":0.9173669468
    },
    "LOC":{
      "p":0.9088729017,
      "r":0.9416149068,
      "f":0.9249542404
    },
    "CARDINAL":{
      "p":0.9519230769,
      "r":0.9638386648,
      "f":0.9578438148
    },
    "ACT":{
      "p":0.8713450292,
      "r":0.8764705882,
      "f":0.8739002933
    },
    "TITRE":{
      "p":0.8823529412,
      "r":0.6666666667,
      "f":0.7594936709
    },
    "FT":{
      "p":0.6666666667,
      "r":0.4,
      "f":0.5
    }
  },
  "speed":10966.5692747349
}