{"eval_loss": 0.17117802798748016, "eval_precision": 0.9225185185185185, "eval_recall": 0.9406344410876133, "eval_f1": 0.931488406881077, "eval_accuracy": 0.9631532811413717, "eval_runtime": 9.8046, "eval_samples_per_second": 172.367, "eval_steps_per_second": 10.811, "epoch": 28.0}