{
  "token_acc":null,
  "token_p":null,
  "token_r":null,
  "token_f":null,
  "ents_p":0.9028427492,
  "ents_r":0.8960714286,
  "ents_f":0.8994443449,
  "ents_per_type":{
    "PER":{
      "p":0.9030898876,
      "r":0.8980446927,
      "f":0.9005602241
    },
    "LOC":{
      "p":0.9136868064,
      "r":0.9204968944,
      "f":0.9170792079
    },
    "CARDINAL":{
      "p":0.9432132964,
      "r":0.9471488178,
      "f":0.9451769604
    },
    "ACT":{
      "p":0.8458498024,
      "r":0.8392156863,
      "f":0.842519685
    },
    "TITRE":{
      "p":0.5714285714,
      "r":0.3555555556,
      "f":0.4383561644
    },
    "FT":{
      "p":0.0,
      "r":0.0,
      "f":0.0
    }
  },
  "speed":11364.0994868327
}