{
  "token_acc":null,
  "token_p":null,
  "token_r":null,
  "token_f":null,
  "ents_p":0.869884575,
  "ents_r":0.8882142857,
  "ents_f":0.8789538788,
  "ents_per_type":{
    "PER":{
      "p":0.9055007052,
      "r":0.8966480447,
      "f":0.9010526316
    },
    "LOC":{
      "p":0.8970588235,
      "r":0.9093167702,
      "f":0.903146206
    },
    "CARDINAL":{
      "p":0.9430555556,
      "r":0.9443671766,
      "f":0.9437109104
    },
    "ACT":{
      "p":0.7243816254,
      "r":0.8039215686,
      "f":0.7620817844
    },
    "TITRE":{
      "p":0.5,
      "r":0.5333333333,
      "f":0.5161290323
    },
    "FT":{
      "p":0.0,
      "r":0.0,
      "f":0.0
    }
  },
  "speed":11646.7184861083
}