{
  "token_acc":null,
  "token_p":null,
  "token_r":null,
  "token_f":null,
  "ents_p":0.9265613243,
  "ents_r":0.930060423,
  "ents_f":0.9283075763,
  "ents_per_type":{
    "PER":{
      "p":0.974556213,
      "r":0.974556213,
      "f":0.974556213
    },
    "LOC":{
      "p":0.9216666667,
      "r":0.9304542905,
      "f":0.9260396316
    },
    "CARDINAL":{
      "p":0.9585087192,
      "r":0.9585087192,
      "f":0.9585087192
    },
    "ACT":{
      "p":0.8850148368,
      "r":0.8651196519,
      "f":0.8749541621
    },
    "TITRE":{
      "p":0.4436619718,
      "r":0.6494845361,
      "f":0.5271966527
    },
    "FT":{
      "p":0.5,
      "r":0.125,
      "f":0.2
    }
  },
  "speed":11802.1485785025
}