{
  "token_acc":null,
  "token_p":null,
  "token_r":null,
  "token_f":null,
  "ents_p":0.8564698955,
  "ents_r":0.8788519637,
  "ents_f":0.8675165884,
  "ents_per_type":{
    "PER":{
      "p":0.9125144844,
      "r":0.9319526627,
      "f":0.9221311475
    },
    "LOC":{
      "p":0.841509434,
      "r":0.8754907459,
      "f":0.8581638263
    },
    "CARDINAL":{
      "p":0.9496704614,
      "r":0.953096813,
      "f":0.9513805522
    },
    "ACT":{
      "p":0.7392197125,
      "r":0.7831762146,
      "f":0.7605633803
    },
    "TITRE":{
      "p":0.2073170732,
      "r":0.175257732,
      "f":0.1899441341
    },
    "FT":{
      "p":0.0,
      "r":0.0,
      "f":0.0
    }
  },
  "speed":12154.3772992677
}