{
  "token_acc":null,
  "token_p":null,
  "token_r":null,
  "token_f":null,
  "ents_p":0.908045977,
  "ents_r":0.9069486405,
  "ents_f":0.907496977,
  "ents_per_type":{
    "PER":{
      "p":0.9586043761,
      "r":0.9591715976,
      "f":0.958887903
    },
    "LOC":{
      "p":0.8866150442,
      "r":0.8990465508,
      "f":0.8927875244
    },
    "CARDINAL":{
      "p":0.9555288462,
      "r":0.9561034275,
      "f":0.9558160505
    },
    "ACT":{
      "p":0.8328550933,
      "r":0.8419144307,
      "f":0.8373602596
    },
    "TITRE":{
      "p":0.5272727273,
      "r":0.2989690722,
      "f":0.3815789474
    },
    "FT":{
      "p":0.0,
      "r":0.0,
      "f":0.0
    }
  },
  "speed":12655.5615675075
}