{
  "token_acc":null,
  "token_p":null,
  "token_r":null,
  "token_f":null,
  "ents_p":0.931059246,
  "ents_r":0.9260714286,
  "ents_f":0.9285586392,
  "ents_per_type":{
    "PER":{
      "p":0.9489361702,
      "r":0.9343575419,
      "f":0.9415904293
    },
    "LOC":{
      "p":0.9288343558,
      "r":0.9403726708,
      "f":0.9345679012
    },
    "CARDINAL":{
      "p":0.9492242595,
      "r":0.9360222531,
      "f":0.9425770308
    },
    "ACT":{
      "p":0.8974854932,
      "r":0.9098039216,
      "f":0.9036027264
    },
    "TITRE":{
      "p":0.7894736842,
      "r":0.6666666667,
      "f":0.7228915663
    },
    "FT":{
      "p":0.0,
      "r":0.0,
      "f":0.0
    }
  },
  "speed":10691.5615618659
}