{
  "token_acc":null,
  "token_p":null,
  "token_r":null,
  "token_f":null,
  "ents_p":0.9461979914,
  "ents_r":0.9421428571,
  "ents_f":0.9441660702,
  "ents_per_type":{
    "PER":{
      "p":0.9618644068,
      "r":0.9511173184,
      "f":0.9564606742
    },
    "LOC":{
      "p":0.9413965087,
      "r":0.9378881988,
      "f":0.939639079
    },
    "CARDINAL":{
      "p":0.965034965,
      "r":0.9596662031,
      "f":0.9623430962
    },
    "ACT":{
      "p":0.9132947977,
      "r":0.9294117647,
      "f":0.9212827988
    },
    "TITRE":{
      "p":0.8636363636,
      "r":0.8444444444,
      "f":0.8539325843
    },
    "FT":{
      "p":0.0,
      "r":0.0,
      "f":0.0
    }
  },
  "speed":10847.6420928221
}