{
  "token_acc":null,
  "token_p":null,
  "token_r":null,
  "token_f":null,
  "ents_p":0.9197113216,
  "ents_r":0.9240181269,
  "ents_f":0.9218596941,
  "ents_per_type":{
    "PER":{
      "p":0.9658421673,
      "r":0.9704142012,
      "f":0.9681227863
    },
    "LOC":{
      "p":0.8754696726,
      "r":0.9147504206,
      "f":0.8946791004
    },
    "CARDINAL":{
      "p":0.9617453676,
      "r":0.9675285628,
      "f":0.9646282974
    },
    "ACT":{
      "p":0.8859060403,
      "r":0.8614938361,
      "f":0.8735294118
    },
    "TITRE":{
      "p":0.6712328767,
      "r":0.5051546392,
      "f":0.5764705882
    },
    "FT":{
      "p":0.0,
      "r":0.0,
      "f":0.0
    }
  },
  "speed":11401.0688383113
}