{
  "token_acc":null,
  "token_p":null,
  "token_r":null,
  "token_f":null,
  "ents_p":0.8339688042,
  "ents_r":0.8592857143,
  "ents_f":0.8464379947,
  "ents_per_type":{
    "PER":{
      "p":0.8632596685,
      "r":0.8729050279,
      "f":0.8680555556
    },
    "LOC":{
      "p":0.8383233533,
      "r":0.8695652174,
      "f":0.8536585366
    },
    "CARDINAL":{
      "p":0.9183673469,
      "r":0.9388038943,
      "f":0.9284731774
    },
    "ACT":{
      "p":0.7114337568,
      "r":0.768627451,
      "f":0.7389255419
    },
    "TITRE":{
      "p":0.35,
      "r":0.3111111111,
      "f":0.3294117647
    },
    "FT":{
      "p":0.0,
      "r":0.0,
      "f":0.0
    }
  },
  "speed":11426.9699231708
}