{"eval_loss": 0.17021353542804718, "eval_precision": 0.9449322815895222, "eval_recall": 0.9514461261801289, "eval_f1": 0.9481780167264038, "eval_accuracy": 0.9566077689450481, "eval_runtime": 24.3533, "eval_samples_per_second": 70.586, "eval_steps_per_second": 4.435, "epoch": 3.0}