{"eval_loss": 1.320929765701294, "eval_precision": 0.44603174603174606, "eval_recall": 0.10717009916094584, "eval_f1": 0.1728167281672817, "eval_accuracy": 0.5929327385638066, "eval_runtime": 9.8365, "eval_samples_per_second": 67.911, "eval_steps_per_second": 4.27, "epoch": 3.0}