{"eval_loss": 0.22212353348731995, "eval_precision": 0.8725757793420486, "eval_recall": 0.9175226586102719, "eval_f1": 0.8944849421986598, "eval_accuracy": 0.955838345978297, "eval_runtime": 12.9253, "eval_samples_per_second": 130.751, "eval_steps_per_second": 8.201, "epoch": 175.0}