{"eval_loss": 0.1462094485759735, "eval_precision": 0.9543870283376269, "eval_recall": 0.9513595166163142, "eval_f1": 0.9528708676904455, "eval_accuracy": 0.9679896019103467, "eval_runtime": 9.4511, "eval_samples_per_second": 178.815, "eval_steps_per_second": 11.216, "epoch": 7.0}