{"eval_loss": 0.15699033439159393, "eval_precision": 0.9153310104529617, "eval_recall": 0.9388849177984274, "eval_f1": 0.9269583627381793, "eval_accuracy": 0.9701982033366605, "eval_runtime": 3.8101, "eval_samples_per_second": 186.085, "eval_steps_per_second": 11.811, "epoch": 46.15}