{
  "token_acc":null,
  "token_p":null,
  "token_r":null,
  "token_f":null,
  "ents_p":0.917562724,
  "ents_r":0.9142857143,
  "ents_f":0.915921288,
  "ents_per_type":{
    "PER":{
      "p":0.9323943662,
      "r":0.9245810056,
      "f":0.9284712482
    },
    "LOC":{
      "p":0.9163591636,
      "r":0.9254658385,
      "f":0.9208899876
    },
    "CARDINAL":{
      "p":0.9472222222,
      "r":0.9485396384,
      "f":0.9478804726
    },
    "ACT":{
      "p":0.8700787402,
      "r":0.8666666667,
      "f":0.8683693517
    },
    "TITRE":{
      "p":0.7714285714,
      "r":0.6,
      "f":0.675
    },
    "FT":{
      "p":0.5,
      "r":0.4,
      "f":0.4444444444
    }
  },
  "speed":11448.0233435945
}