{
  "token_acc":null,
  "token_p":null,
  "token_r":null,
  "token_f":null,
  "ents_p":0.9238455715,
  "ents_r":0.9217522659,
  "ents_f":0.9227977316,
  "ents_per_type":{
    "PER":{
      "p":0.9622418879,
      "r":0.9650887574,
      "f":0.9636632201
    },
    "LOC":{
      "p":0.8925845147,
      "r":0.9181155356,
      "f":0.9051700304
    },
    "CARDINAL":{
      "p":0.9578059072,
      "r":0.9555021046,
      "f":0.9566526189
    },
    "ACT":{
      "p":0.8870728083,
      "r":0.8658448151,
      "f":0.8763302752
    },
    "TITRE":{
      "p":0.75,
      "r":0.5257731959,
      "f":0.6181818182
    },
    "FT":{
      "p":0.0,
      "r":0.0,
      "f":0.0
    }
  },
  "speed":12335.9003321716
}