{
  "token_acc":null,
  "token_p":null,
  "token_r":null,
  "token_f":null,
  "ents_p":0.9459362692,
  "ents_r":0.9435714286,
  "ents_f":0.944752369,
  "ents_per_type":{
    "PER":{
      "p":0.9550561798,
      "r":0.9497206704,
      "f":0.9523809524
    },
    "LOC":{
      "p":0.9524405507,
      "r":0.9453416149,
      "f":0.9488778055
    },
    "CARDINAL":{
      "p":0.9582172702,
      "r":0.9568845619,
      "f":0.9575504523
    },
    "ACT":{
      "p":0.9221789883,
      "r":0.9294117647,
      "f":0.92578125
    },
    "TITRE":{
      "p":0.7959183673,
      "r":0.8666666667,
      "f":0.829787234
    },
    "FT":{
      "p":0.0,
      "r":0.0,
      "f":0.0
    }
  },
  "speed":11743.4602496003
}