{
  "token_acc":null,
  "token_p":null,
  "token_r":null,
  "token_f":null,
  "ents_p":0.8965414431,
  "ents_r":0.9084592145,
  "ents_f":0.9024609844,
  "ents_per_type":{
    "PER":{
      "p":0.9499705709,
      "r":0.9550295858,
      "f":0.9524933609
    },
    "LOC":{
      "p":0.8833609729,
      "r":0.8962422883,
      "f":0.8897550111
    },
    "CARDINAL":{
      "p":0.9610545237,
      "r":0.9645219483,
      "f":0.962785114
    },
    "ACT":{
      "p":0.7994524298,
      "r":0.8469905729,
      "f":0.8225352113
    },
    "TITRE":{
      "p":0.4285714286,
      "r":0.3092783505,
      "f":0.3592814371
    },
    "FT":{
      "p":0.0,
      "r":0.0,
      "f":0.0
    }
  },
  "speed":12991.1063596487
}