{
  "token_acc":null,
  "token_p":null,
  "token_r":null,
  "token_f":null,
  "ents_p":0.8492513447,
  "ents_r":0.8824773414,
  "ents_f":0.865545596,
  "ents_per_type":{
    "PER":{
      "p":0.9396602226,
      "r":0.949112426,
      "f":0.9443626729
    },
    "LOC":{
      "p":0.8513948498,
      "r":0.8900729108,
      "f":0.8703043597
    },
    "CARDINAL":{
      "p":0.9526094781,
      "r":0.9549007817,
      "f":0.9537537538
    },
    "ACT":{
      "p":0.6913417052,
      "r":0.7585206672,
      "f":0.7233748271
    },
    "TITRE":{
      "p":0.1328125,
      "r":0.175257732,
      "f":0.1511111111
    },
    "FT":{
      "p":0.0,
      "r":0.0,
      "f":0.0
    }
  },
  "speed":11954.0845486437
}