run,dataset,eval_loss,eval_precision,eval_recall,eval_f1,eval_accuracy,eval_runtime,eval_samples_per_second,eval_steps_per_second,epoch,trainsize,trainsize_percent
1,test,0.22212353348731995,0.8725757793420486,0.9175226586102719,0.8944849421986598,0.955838345978297,12.9253,130.751,8.201,175,49,0.8
1,test,0.2177487015724182,0.8807234103631405,0.9268882175226586,0.903216309707809,0.9588912734637125,9.1348,185.007,11.604,57.14,99,1.5
1,test,0.1739666759967804,0.9142689371697005,0.9407854984894259,0.9273377010125073,0.9628207840885047,9.7615,173.129,10.859,46.15,199,3.1
1,test,0.20494355261325836,0.9302290762090133,0.9385196374622357,0.9343559666140311,0.9633346431702082,10.4066,162.397,10.186,48,398,6.2
1,test,0.14815953373908997,0.9340349836940409,0.9518126888217523,0.9428400418973514,0.9653598524922166,12.8748,131.264,8.233,16,796,12.5
1,test,0.1462094485759735,0.9543870283376269,0.9513595166163142,0.9528708676904455,0.9679896019103467,9.4511,178.815,11.216,7,1593,25
1,test,0.1610332429409027,0.9378983251815621,0.9558912386706948,0.9468093065010849,0.9656621225402775,9.6015,176.014,11.04,6,3186,50
1,test,0.1251107156276703,0.9581430745814308,0.9509063444108762,0.954510993176649,0.9666293866940725,9.9586,169.702,10.644,2.51,6373,100
