{
  "token_acc":null,
  "token_p":null,
  "token_r":null,
  "token_f":null,
  "ents_p":0.9421393224,
  "ents_r":0.9439359268,
  "ents_f":0.9430367689,
  "ents_per_type":{
    "PER":{
      "p":0.9491778774,
      "r":0.947761194,
      "f":0.9484690067
    },
    "TITRE":{
      "p":0.7878787879,
      "r":0.9285714286,
      "f":0.8524590164
    },
    "ACT":{
      "p":0.924,
      "r":0.924,
      "f":0.924
    },
    "LOC":{
      "p":0.9354413702,
      "r":0.9391534392,
      "f":0.9372937294
    },
    "CARDINAL":{
      "p":0.9668174962,
      "r":0.9653614458,
      "f":0.9660889224
    },
    "FT":{
      "p":0.3333333333,
      "r":0.25,
      "f":0.2857142857
    }
  },
  "speed":9714.1443648234
}