{
  "token_acc":null,
  "token_p":null,
  "token_r":null,
  "token_f":null,
  "ents_p":0.9467522659,
  "ents_r":0.9561403509,
  "ents_f":0.9514231499,
  "ents_per_type":{
    "PER":{
      "p":0.9494047619,
      "r":0.952238806,
      "f":0.9508196721
    },
    "TITRE":{
      "p":0.7941176471,
      "r":0.9642857143,
      "f":0.8709677419
    },
    "ACT":{
      "p":0.9407114625,
      "r":0.952,
      "f":0.9463220676
    },
    "LOC":{
      "p":0.9322916667,
      "r":0.9470899471,
      "f":0.9396325459
    },
    "CARDINAL":{
      "p":0.9744360902,
      "r":0.9759036145,
      "f":0.9751693002
    },
    "FT":{
      "p":0.6666666667,
      "r":0.5,
      "f":0.5714285714
    }
  },
  "speed":10949.6215984091
}