{
  "token_acc":null,
  "token_p":null,
  "token_r":null,
  "token_f":null,
  "ents_p":0.8372956909,
  "ents_r":0.8596491228,
  "ents_f":0.8483251788,
  "ents_per_type":{
    "PER":{
      "p":0.8022284123,
      "r":0.8597014925,
      "f":0.8299711816
    },
    "TITRE":{
      "p":0.3846153846,
      "r":0.1785714286,
      "f":0.243902439
    },
    "ACT":{
      "p":0.7276051188,
      "r":0.796,
      "f":0.7602674308
    },
    "LOC":{
      "p":0.8663101604,
      "r":0.8571428571,
      "f":0.8617021277
    },
    "CARDINAL":{
      "p":0.9414414414,
      "r":0.9442771084,
      "f":0.9428571429
    },
    "FT":{
      "p":0.0,
      "r":0.0,
      "f":0.0
    }
  },
  "speed":10990.8342983447
}