{
  "token_acc":null,
  "token_p":null,
  "token_r":null,
  "token_f":null,
  "ents_p":0.9120255926,
  "ents_r":0.9399070883,
  "ents_f":0.9257564576,
  "ents_per_type":{
    "PER":{
      "p":0.9488372093,
      "r":0.9477351916,
      "f":0.9482858803
    },
    "ACT":{
      "p":0.9079365079,
      "r":0.921837228,
      "f":0.9148340664
    },
    "LOC":{
      "p":0.9541182974,
      "r":0.9551743221,
      "f":0.9546460177
    },
    "CARDINAL":{
      "p":0.8795676788,
      "r":0.9547486034,
      "f":0.9156174658
    },
    "TITRE":{
      "p":0.4160583942,
      "r":0.5588235294,
      "f":0.4769874477
    },
    "FT":{
      "p":0.5,
      "r":0.3636363636,
      "f":0.4210526316
    }
  },
  "speed":7262.9089945733
}