{
  "token_acc":null,
  "token_p":null,
  "token_r":null,
  "token_f":null,
  "ents_p":0.906570452,
  "ents_r":0.9103737605,
  "ents_f":0.9084681256,
  "ents_per_type":{
    "PER":{
      "p":0.9039881832,
      "r":0.9134328358,
      "f":0.9086859688
    },
    "TITRE":{
      "p":0.6153846154,
      "r":0.5714285714,
      "f":0.5925925926
    },
    "ACT":{
      "p":0.8543307087,
      "r":0.868,
      "f":0.8611111111
    },
    "LOC":{
      "p":0.9099337748,
      "r":0.9087301587,
      "f":0.9093315685
    },
    "CARDINAL":{
      "p":0.9565217391,
      "r":0.9608433735,
      "f":0.958677686
    },
    "FT":{
      "p":0.0,
      "r":0.0,
      "f":0.0
    }
  },
  "speed":11134.5554141856
}