{
  "token_acc":null,
  "token_p":null,
  "token_r":null,
  "token_f":null,
  "ents_p":0.8387840369,
  "ents_r":0.8724711524,
  "ents_f":0.8552960188,
  "ents_per_type":{
    "PER":{
      "p":0.8399348888,
      "r":0.8989547038,
      "f":0.8684431978
    },
    "ACT":{
      "p":0.7472035794,
      "r":0.8074133763,
      "f":0.7761425252
    },
    "LOC":{
      "p":0.8675166297,
      "r":0.8660763697,
      "f":0.8667959014
    },
    "CARDINAL":{
      "p":0.8747412008,
      "r":0.9441340782,
      "f":0.9081139172
    },
    "TITRE":{
      "p":0.8095238095,
      "r":0.1666666667,
      "f":0.2764227642
    },
    "FT":{
      "p":0.0,
      "r":0.0,
      "f":0.0
    }
  },
  "speed":11187.9067127465
}