{
  "token_acc":null,
  "token_p":null,
  "token_r":null,
  "token_f":null,
  "ents_p":0.872960373,
  "ents_r":0.8979469504,
  "ents_f":0.8852773879,
  "ents_per_type":{
    "PER":{
      "p":0.8969834946,
      "r":0.9152148664,
      "f":0.9060074734
    },
    "ACT":{
      "p":0.7742413027,
      "r":0.8428686543,
      "f":0.8070987654
    },
    "LOC":{
      "p":0.928,
      "r":0.8987271721,
      "f":0.9131290413
    },
    "CARDINAL":{
      "p":0.8697435897,
      "r":0.9474860335,
      "f":0.9069518717
    },
    "TITRE":{
      "p":0.8928571429,
      "r":0.4901960784,
      "f":0.6329113924
    },
    "FT":{
      "p":0.0,
      "r":0.0,
      "f":0.0
    }
  },
  "speed":11193.4305694806
}