{
  "token_acc":null,
  "token_p":null,
  "token_r":null,
  "token_f":null,
  "ents_p":0.9133960898,
  "ents_r":0.9451521055,
  "ents_f":0.9290027986,
  "ents_per_type":{
    "PER":{
      "p":0.9450231481,
      "r":0.9483159117,
      "f":0.9466666667
    },
    "ACT":{
      "p":0.9105882353,
      "r":0.9355358582,
      "f":0.9228934817
    },
    "LOC":{
      "p":0.9560680945,
      "r":0.9634753735,
      "f":0.9597574421
    },
    "CARDINAL":{
      "p":0.8825347759,
      "r":0.9569832402,
      "f":0.9182524792
    },
    "TITRE":{
      "p":0.4233576642,
      "r":0.568627451,
      "f":0.4853556485
    },
    "FT":{
      "p":0.3333333333,
      "r":0.0909090909,
      "f":0.1428571429
    }
  },
  "speed":11048.6347729422
}