{
  "token_acc":null,
  "token_p":null,
  "token_r":null,
  "token_f":null,
  "ents_p":0.9033446294,
  "ents_r":0.9187771617,
  "ents_f":0.9109955423,
  "ents_per_type":{
    "PER":{
      "p":0.9305957201,
      "r":0.9343786295,
      "f":0.9324833382
    },
    "ACT":{
      "p":0.8537735849,
      "r":0.8751007252,
      "f":0.8643056108
    },
    "LOC":{
      "p":0.9449801475,
      "r":0.9219701162,
      "f":0.9333333333
    },
    "CARDINAL":{
      "p":0.8834702259,
      "r":0.961452514,
      "f":0.9208132691
    },
    "TITRE":{
      "p":0.6621621622,
      "r":0.4803921569,
      "f":0.5568181818
    },
    "FT":{
      "p":0.0,
      "r":0.0,
      "f":0.0
    }
  },
  "speed":11781.8003249441
}