{
  "token_acc":null,
  "token_p":null,
  "token_r":null,
  "token_f":null,
  "ents_p":0.8647324793,
  "ents_r":0.8752860412,
  "ents_f":0.8699772555,
  "ents_per_type":{
    "PER":{
      "p":0.8627737226,
      "r":0.8820895522,
      "f":0.8723247232
    },
    "TITRE":{
      "p":0.619047619,
      "r":0.4642857143,
      "f":0.5306122449
    },
    "ACT":{
      "p":0.7454545455,
      "r":0.82,
      "f":0.780952381
    },
    "LOC":{
      "p":0.8812415655,
      "r":0.8637566138,
      "f":0.8724114896
    },
    "CARDINAL":{
      "p":0.9558599696,
      "r":0.9457831325,
      "f":0.9507948524
    },
    "FT":{
      "p":0.0,
      "r":0.0,
      "f":0.0
    }
  },
  "speed":11164.6937559006
}