{
  "token_acc":null,
  "token_p":null,
  "token_r":null,
  "token_f":null,
  "ents_p":0.9323708207,
  "ents_r":0.9359267735,
  "ents_f":0.934145413,
  "ents_per_type":{
    "PER":{
      "p":0.9269746647,
      "r":0.928358209,
      "f":0.927665921
    },
    "TITRE":{
      "p":0.8518518519,
      "r":0.8214285714,
      "f":0.8363636364
    },
    "ACT":{
      "p":0.91,
      "r":0.91,
      "f":0.91
    },
    "LOC":{
      "p":0.9242819843,
      "r":0.9365079365,
      "f":0.9303547963
    },
    "CARDINAL":{
      "p":0.9698795181,
      "r":0.9698795181,
      "f":0.9698795181
    },
    "FT":{
      "p":0.5,
      "r":0.5,
      "f":0.5
    }
  },
  "speed":9703.9828490228
}