{
  "token_acc":null,
  "token_p":null,
  "token_r":null,
  "token_f":null,
  "ents_p":0.9186530458,
  "ents_r":0.9260106789,
  "ents_f":0.922317189,
  "ents_per_type":{
    "PER":{
      "p":0.9222720478,
      "r":0.9208955224,
      "f":0.9215832711
    },
    "TITRE":{
      "p":0.7666666667,
      "r":0.8214285714,
      "f":0.7931034483
    },
    "ACT":{
      "p":0.8784860558,
      "r":0.882,
      "f":0.880239521
    },
    "LOC":{
      "p":0.9183937824,
      "r":0.9378306878,
      "f":0.9280104712
    },
    "CARDINAL":{
      "p":0.9564564565,
      "r":0.9593373494,
      "f":0.9578947368
    },
    "FT":{
      "p":0.25,
      "r":0.25,
      "f":0.25
    }
  },
  "speed":11502.7130012534
}