{
  "token_acc":null,
  "token_p":null,
  "token_r":null,
  "token_f":null,
  "ents_p":0.8966427763,
  "ents_r":0.906559878,
  "ents_f":0.9015740565,
  "ents_per_type":{
    "PER":{
      "p":0.9108469539,
      "r":0.9149253731,
      "f":0.9128816083
    },
    "TITRE":{
      "p":0.65,
      "r":0.4642857143,
      "f":0.5416666667
    },
    "ACT":{
      "p":0.8223938224,
      "r":0.852,
      "f":0.836935167
    },
    "LOC":{
      "p":0.8870346598,
      "r":0.914021164,
      "f":0.9003257329
    },
    "CARDINAL":{
      "p":0.9591527988,
      "r":0.9548192771,
      "f":0.9569811321
    },
    "FT":{
      "p":0.0,
      "r":0.0,
      "f":0.0
    }
  },
  "speed":11091.0552471347
}