{
  "token_acc":null,
  "token_p":null,
  "token_r":null,
  "token_f":null,
  "ents_p":0.906099869,
  "ents_r":0.9327139218,
  "ents_f":0.9192142963,
  "ents_per_type":{
    "PER":{
      "p":0.9453805927,
      "r":0.9448315912,
      "f":0.9451060122
    },
    "ACT":{
      "p":0.8894230769,
      "r":0.8944399678,
      "f":0.8919244677
    },
    "LOC":{
      "p":0.9357298475,
      "r":0.9507470946,
      "f":0.9431786989
    },
    "CARDINAL":{
      "p":0.8802672148,
      "r":0.9569832402,
      "f":0.9170235546
    },
    "TITRE":{
      "p":0.4700854701,
      "r":0.5392156863,
      "f":0.502283105
    },
    "FT":{
      "p":1.0,
      "r":0.0909090909,
      "f":0.1666666667
    }
  },
  "speed":11475.04819462
}