{
  "token_acc":null,
  "token_p":null,
  "token_r":null,
  "token_f":null,
  "ents_p":0.8990356517,
  "ents_r":0.9220740297,
  "ents_f":0.9104091144,
  "ents_per_type":{
    "PER":{
      "p":0.9312138728,
      "r":0.9355400697,
      "f":0.9333719583
    },
    "ACT":{
      "p":0.8632075472,
      "r":0.8847703465,
      "f":0.8738559491
    },
    "LOC":{
      "p":0.9168478261,
      "r":0.9335915883,
      "f":0.9251439539
    },
    "CARDINAL":{
      "p":0.8772470467,
      "r":0.9541899441,
      "f":0.914102221
    },
    "TITRE":{
      "p":0.8909090909,
      "r":0.4803921569,
      "f":0.6242038217
    },
    "FT":{
      "p":0.0,
      "r":0.0,
      "f":0.0
    }
  },
  "speed":11453.9290221426
}