{
  "token_acc":null,
  "token_p":null,
  "token_r":null,
  "token_f":null,
  "ents_p":0.9147502563,
  "ents_r":0.9358609321,
  "ents_f":0.9251851852,
  "ents_per_type":{
    "PER":{
      "p":0.9430894309,
      "r":0.9430894309,
      "f":0.9430894309
    },
    "ACT":{
      "p":0.9048374306,
      "r":0.9194198227,
      "f":0.9120703437
    },
    "LOC":{
      "p":0.9486754967,
      "r":0.9513004981,
      "f":0.949986184
    },
    "CARDINAL":{
      "p":0.8779608651,
      "r":0.9525139665,
      "f":0.9137191854
    },
    "TITRE":{
      "p":0.6235294118,
      "r":0.5196078431,
      "f":0.5668449198
    },
    "FT":{
      "p":0.6,
      "r":0.2727272727,
      "f":0.375
    }
  },
  "speed":10250.8340441473
}